Isekai Meikyuu De Harem Wo S01_E01-[1080p][BDRIP][x265.FLAC].mkv,[Ohys-Raws] Isekai Meikyuu de Harem o - 01 (AT-X 1280x720 x264 AAC).ass,Isekai Meikyuu De Harem Wo S01_E01-[1080p][BDRIP][x265.FLAC].ass,Episode 01
Isekai Meikyuu De Harem Wo S01_E02-[1080p][BDRIP][x265.FLAC].mkv,[Ohys-Raws] Isekai Meikyuu de Harem o - 02 (AT-X 1280x720 x264 AAC).ass,Isekai Meikyuu De Harem Wo S01_E02-[1080p][BDRIP][x265.FLAC].ass,Episode 02
Isekai Meikyuu De Harem Wo S01_E03-[1080p][BDRIP][x265.FLAC].mkv,[Ohys-Raws] Isekai Meikyuu de Harem o - 03 (AT-X 1280x720 x264 AAC).ass,Isekai Meikyuu De Harem Wo S01_E03-[1080p][BDRIP][x265.FLAC].ass,Episode 03
Isekai Meikyuu De Harem Wo S01_E04-[1080p][BDRIP][x265.FLAC].mkv,[Ohys-Raws] Isekai Meikyuu de Harem o - 04 (AT-X 1280x720 x264 AAC).ass,Isekai Meikyuu De Harem Wo S01_E04-[1080p][BDRIP][x265.FLAC].ass,Episode 04
Isekai Meikyuu De Harem Wo S01_E05-[1080p][BDRIP][x265.FLAC].mkv,[Ohys-Raws] Isekai Meikyuu de Harem o - 05 (AT-X 1280x720 x264 AAC).ass,Isekai Meikyuu De Harem Wo S01_E05-[1080p][BDRIP][x265.FLAC].ass,Episode 05
Isekai Meikyuu De Harem Wo S01_E06-[1080p][BDRIP][x265.FLAC].mkv,[Ohys-Raws] Isekai Meikyuu de Harem o - 06 (AT-X 1280x720 x264 AAC).ass,Isekai Meikyuu De Harem Wo S01_E06-[1080p][BDRIP][x265.FLAC].ass,Episode 06
Isekai Meikyuu De Harem Wo S01_E07-[1080p][BDRIP][x265.FLAC].mkv,[Ohys-Raws] Isekai Meikyuu de Harem o - 07 (AT-X 1280x720 x264 AAC).ass,Isekai Meikyuu De Harem Wo S01_E07-[1080p][BDRIP][x265.FLAC].ass,Episode 07
Isekai Meikyuu De Harem Wo S01_E08-[1080p][BDRIP][x265.FLAC].mkv,[Ohys-Raws] Isekai Meikyuu de Harem o - 08 (AT-X 1280x720 x264 AAC).ass,Isekai Meikyuu De Harem Wo S01_E08-[1080p][BDRIP][x265.FLAC].ass,Episode 08
Isekai Meikyuu De Harem Wo S01_E09-[1080p][BDRIP][x265.FLAC].mkv,[Ohys-Raws] Isekai Meikyuu de Harem o - 09 (AT-X 1280x720 x264 AAC).ass,Isekai Meikyuu De Harem Wo S01_E09-[1080p][BDRIP][x265.FLAC].ass,Episode 09
Isekai Meikyuu De Harem Wo S01_E10-[1080p][BDRIP][x265.FLAC].mkv,[Ohys-Raws] Isekai Meikyuu de Harem o - 10 (AT-X 1280x720 x264 AAC).ass,Isekai Meikyuu De Harem Wo S01_E10-[1080p][BDRIP][x265.FLAC].ass,Episode 10
Isekai Meikyuu De Harem Wo S01_E11-[1080p][BDRIP][x265.FLAC].mkv,[Ohys-Raws] Isekai Meikyuu de Harem o - 11 (AT-X 1280x720 x264 AAC).ass,Isekai Meikyuu De Harem Wo S01_E11-[1080p][BDRIP][x265.FLAC].ass,Episode 11
Isekai Meikyuu De Harem Wo S01_E12-[1080p][BDRIP][x265.FLAC].mkv,[Ohys-Raws] Isekai Meikyuu de Harem o - 12 END (AT-X 1920x1080 x265 AAC).ass,Isekai Meikyuu De Harem Wo S01_E12-[1080p][BDRIP][x265.FLAC].ass,Episode 12
