[Moozzi2] Shigatsu wa Kimi no Uso - 01 (BD 1920x1080 x.264 FLACx2).mkv,1화.srt,[Moozzi2] Shigatsu wa Kimi no Uso - 01 (BD 1920x1080 x.264 FLACx2).srt,Episode 01
[Moozzi2] Shigatsu wa Kimi no Uso - 02 (BD 1920x1080 x.264 FLACx2).mkv,2화.srt,[Moozzi2] Shigatsu wa Kimi no Uso - 02 (BD 1920x1080 x.264 FLACx2).srt,Episode 02
[Moozzi2] Shigatsu wa Kimi no Uso - 03 (BD 1920x1080 x.264 FLACx2).mkv,3화.srt,[Moozzi2] Shigatsu wa Kimi no Uso - 03 (BD 1920x1080 x.264 FLACx2).srt,Episode 03
[Moozzi2] Shigatsu wa Kimi no Uso - 04 (BD 1920x1080 x.264 FLACx2).mkv,4화.srt,[Moozzi2] Shigatsu wa Kimi no Uso - 04 (BD 1920x1080 x.264 FLACx2).srt,Episode 04
[Moozzi2] Shigatsu wa Kimi no Uso - 05 (BD 1920x1080 x.264 FLACx2).mkv,5화.srt,[Moozzi2] Shigatsu wa Kimi no Uso - 05 (BD 1920x1080 x.264 FLACx2).srt,Episode 05
[Moozzi2] Shigatsu wa Kimi no Uso - 06 (BD 1920x1080 x.264 FLACx2).mkv,6화.srt,[Moozzi2] Shigatsu wa Kimi no Uso - 06 (BD 1920x1080 x.264 FLACx2).srt,Episode 06
[Moozzi2] Shigatsu wa Kimi no Uso - 07 (BD 1920x1080 x.264 FLACx2).mkv,7화.srt,[Moozzi2] Shigatsu wa Kimi no Uso - 07 (BD 1920x1080 x.264 FLACx2).srt,Episode 07
[Moozzi2] Shigatsu wa Kimi no Uso - 08 (BD 1920x1080 x.264 Flac).mkv,8화.srt,[Moozzi2] Shigatsu wa Kimi no Uso - 08 (BD 1920x1080 x.264 Flac).srt,Episode 08
[Moozzi2] Shigatsu wa Kimi no Uso - 09 (BD 1920x1080 x.264 FLACx2).mkv,9화.srt,[Moozzi2] Shigatsu wa Kimi no Uso - 09 (BD 1920x1080 x.264 FLACx2).srt,Episode 09
[Moozzi2] Shigatsu wa Kimi no Uso - 10 (BD 1920x1080 x.264 FLACx2).mkv,10화.srt,[Moozzi2] Shigatsu wa Kimi no Uso - 10 (BD 1920x1080 x.264 FLACx2).srt,Episode 10
[Moozzi2] Shigatsu wa Kimi no Uso - 11 (BD 1920x1080 x.264 FLACx2).mkv,11화.srt,[Moozzi2] Shigatsu wa Kimi no Uso - 11 (BD 1920x1080 x.264 FLACx2).srt,Episode 11
[Moozzi2] Shigatsu wa Kimi no Uso - 12 (BD 1920x1080 x.264 Flac).mkv,12화.srt,[Moozzi2] Shigatsu wa Kimi no Uso - 12 (BD 1920x1080 x.264 Flac).srt,Episode 12
[Moozzi2] Shigatsu wa Kimi no Uso - 13 (BD 1920x1080 x.264 FLACx2).mkv,13화.srt,[Moozzi2] Shigatsu wa Kimi no Uso - 13 (BD 1920x1080 x.264 FLACx2).srt,Episode 13
[Moozzi2] Shigatsu wa Kimi no Uso - 14 (BD 1920x1080 x.264 FLACx2).mkv,14화.srt,[Moozzi2] Shigatsu wa Kimi no Uso - 14 (BD 1920x1080 x.264 FLACx2).srt,Episode 14
[Moozzi2] Shigatsu wa Kimi no Uso - 15 (BD 1920x1080 x.264 Flac).mkv,15화.srt,[Moozzi2] Shigatsu wa Kimi no Uso - 15 (BD 1920x1080 x.264 Flac).srt,Episode 15
[Moozzi2] Shigatsu wa Kimi no Uso - 16 (BD 1920x1080 x.264 FLACx2).mkv,16화.srt,[Moozzi2] Shigatsu wa Kimi no Uso - 16 (BD 1920x1080 x.264 FLACx2).srt,Episode 16
[Moozzi2] Shigatsu wa Kimi no Uso - 17 (BD 1920x1080 x.264 FLACx2).mkv,17화.srt,[Moozzi2] Shigatsu wa Kimi no Uso - 17 (BD 1920x1080 x.264 FLACx2).srt,Episode 17
[Moozzi2] Shigatsu wa Kimi no Uso - 18 (BD 1920x1080 x.264 Flac).mkv,18화.srt,[Moozzi2] Shigatsu wa Kimi no Uso - 18 (BD 1920x1080 x.264 Flac).srt,Episode 18
[Moozzi2] Shigatsu wa Kimi no Uso - 19 (BD 1920x1080 x.264 FLACx2).mkv,19화.srt,[Moozzi2] Shigatsu wa Kimi no Uso - 19 (BD 1920x1080 x.264 FLACx2).srt,Episode 19
[Moozzi2] Shigatsu wa Kimi no Uso - 20 (BD 1920x1080 x.264 Flac).mkv,20화.srt,[Moozzi2] Shigatsu wa Kimi no Uso - 20 (BD 1920x1080 x.264 Flac).srt,Episode 20
[Moozzi2] Shigatsu wa Kimi no Uso - 21 (BD 1920x1080 x.264 FLACx2).mkv,21화.srt,[Moozzi2] Shigatsu wa Kimi no Uso - 21 (BD 1920x1080 x.264 FLACx2).srt,Episode 21
[Moozzi2] Shigatsu wa Kimi no Uso - 22 END (BD 1920x1080 x.264 FLACx2).mkv,22화.srt,[Moozzi2] Shigatsu wa Kimi no Uso - 22 END (BD 1920x1080 x.264 FLACx2).srt,Episode 22
